{
  "p_measured_reference": 2.64,
  "paper": {
    "a": 2,
    "b": 2,
    "p": 6
  },
  "linear_demand": {
    "point": {
      "a": 0.9999999999999998,
      "b": 1.641021908255867,
      "p_measured": 2.641021908255867,
      "p_reconstructed": 2.641021908255867
    },
    "ci95_Nbootstrap": {
      "a": [
        0.9999999999999994,
        1.0000000000000007
      ],
      "b": [
        1.530762231198773,
        1.8429362134174418
      ],
      "p_measured": [
        2.530762231198774,
        2.8429362134174405
      ],
      "p_reconstructed": [
        2.530762231198774,
        2.8429362134174414
      ]
    },
    "ci_note": "seed-bootstrap degenerate (deterministic cost law); CI is N-grid bootstrap (finite-N curvature)",
    "N_used": [
      2.0,
      3.0,
      4.0,
      5.0,
      6.0,
      7.0,
      8.0,
      9.0,
      10.0,
      11.0,
      12.0,
      13.0,
      14.0,
      15.0,
      16.0,
      17.0,
      18.0,
      19.0,
      20.0
    ],
    "M_used_mean": [
      2.0,
      3.0,
      4.0,
      5.0,
      6.0,
      7.0,
      8.0,
      9.0,
      10.0,
      11.0,
      12.0,
      13.0,
      14.0,
      15.0,
      16.0,
      17.0,
      18.0,
      19.0,
      20.0
    ],
    "cost_mean": [
      0.9431471805599457,
      2.0986122886681096,
      3.8862943611198926,
      6.609437912434099,
      10.541759469228055,
      15.945910149055313,
      23.079441541679827,
      32.19722457733622,
      43.55258509299407,
      57.39789527279839,
      73.98490664978802,
      93.56494935746156,
      116.38905732961527,
      142.70805020110222,
      172.77258872223976,
      206.83321334405628,
      245.14037175789613,
      287.94443897916636,
      335.4957322735539
    ]
  },
  "pairwise_demand": {
    "point": {
      "a": 2.1602440289161726,
      "b": 1.9160844869082656,
      "p_measured": 6.303841682058468,
      "p_reconstructed": 6.299454100658661
    },
    "ci95_Nbootstrap": {
      "a": [
        2.1073222767239876,
        2.193902979349706
      ],
      "b": [
        1.8530679433656227,
        1.9956118855740765
      ],
      "p_measured": [
        6.2503315191826205,
        6.36208432033531
      ],
      "p_reconstructed": [
        6.245660545495653,
        6.361127832320247
      ]
    },
    "ci_note": "seed-bootstrap degenerate (deterministic cost law); CI is N-grid bootstrap (finite-N curvature)",
    "N_used": [
      3.0,
      4.0,
      5.0,
      6.0,
      7.0,
      8.0,
      9.0,
      10.0,
      11.0,
      12.0,
      13.0,
      14.0,
      15.0,
      16.0,
      17.0,
      18.0,
      19.0,
      20.0
    ],
    "M_used_mean": [
      3.0,
      6.0,
      10.0,
      15.0,
      21.0,
      28.0,
      36.0,
      45.0,
      55.0,
      66.0,
      78.0,
      91.0,
      105.0,
      120.0,
      136.0,
      153.0,
      171.0,
      190.0
    ],
    "cost_mean": [
      2.0986122886681096,
      10.541759469228055,
      43.55258509299407,
      142.70805020110222,
      388.04452243772346,
      916.8322045101751,
      1946.0835189384572,
      3798.8066624897715,
      6934.007333185233,
      11980.439654742026,
      19774.106708826694,
      31399.51085950653,
      48234.65396035017,
      71999.78749174278,
      104809.91265488572,
      149231.03043792146,
      208340.1416635566,
      285788.9970240722
    ]
  },
  "gap_attribution": "DEMAND factor a dominates the gap: a=1.00 vs a_paper=2 (b=1.64 ~ b_paper=2). Our conservative model is cheaper because it does NOT assume quadratic pairwise demand."
}