{
  "model": "pairwise (M~N^2)",
  "lambda_pairwise": 1.0,
  "e_center": 3798.8066624897706,
  "n_peak_calib": 10.00070430574336,
  "p_pairwise_for_range": 6.303841682058468,
  "E_range": [
    1.9200367849365791,
    217106.5604769264
  ],
  "E_decades": 5.05336339787096,
  "primary_estimator": "phi=0.5 crossing",
  "roughness_chi": 0.05155524817127662,
  "roughness_cross": 0.04651150561922024,
  "E_vals": [
    1.9200367849365791,
    4.699263638882569,
    11.501383161496712,
    28.149477193200237,
    68.89545849608785,
    168.6206876528686,
    412.6968152210032,
    1010.0697824467766,
    2472.131908422238,
    6050.50886467976,
    14808.53727782378,
    36243.69143376235,
    88705.93658922262,
    217106.5604769264
  ],
  "nstar_chi": [
    4.6517883265217,
    4.6517883265217,
    4.665016070431712,
    4.684293635205352,
    4.839957398349201,
    4.9662601099558845,
    5.972047768053888,
    7.821198273182463,
    9.014518406736906,
    11.000505172689994,
    12.902760268176088,
    14.926029657971172,
    17.0,
    21.0
  ],
  "nstar_cross": [
    4.641867676308346,
    4.641867676308346,
    4.69335429862724,
    4.731813188500023,
    4.833097519825266,
    5.36297566576124,
    6.867082027215864,
    7.966799635835999,
    9.437419786698186,
    10.570457286815007,
    12.51472763915306,
    14.48857260653879,
    16.513743304420316,
    19.514907495940257
  ],
  "interior": [
    true,
    true,
    true,
    true,
    true,
    true,
    true,
    true,
    true,
    true,
    true,
    true,
    true,
    false
  ],
  "R_of_E": [
    1.385013773976196,
    3.389802173822854,
    8.296494225227567,
    20.30555557512348,
    49.69756815603868,
    121.63411493404021,
    198.46521623667007,
    485.74088869591964,
    1188.8441482347107,
    2909.6797113094012,
    5341.050823383929,
    13072.148473749688,
    31993.90370367058,
    78304.63953613039
  ],
  "E_knee": 263.79768910040593,
  "E_knee_bracket": [
    168.6206876528686,
    412.6968152210032
  ],
  "n_low": 6,
  "n_high": 8,
  "q_low": 0.02717400404132106,
  "q_low_ci95": [
    -0.0033092315228919625,
    0.05491991694729687
  ],
  "q_high": 0.16506583860444882,
  "q_high_ci95": [
    0.1584117407708641,
    0.176626934851082
  ],
  "p_high_pw": 6.3011630145337305,
  "one_over_p_high": 0.15870086168116654,
  "p_high_N_range": [
    6,
    20
  ],
  "loglin_cost_high": {
    "slope": 6.3011630145337305,
    "r2": 0.999932381987875,
    "curvature": -0.22271181692431674,
    "note": "concave: exponent bending; treat power law as LOCAL"
  },
  "R_median_rise": 4125.365267346665,
  "E_protocol_dominates": true,
  "guards": {
    "min_logN_star_range": {
      "value": 0.453594261922895,
      "thr": 0.4,
      "ok": true
    },
    "require_transition_fraction": {
      "value": 1.0,
      "thr": 0.7,
      "ok": true
    },
    "max_q_CI_halfwidth_rel": {
      "value": 0.055175541572437065,
      "thr": 0.5,
      "ok": true
    }
  },
  "guards_ok": true,
  "plateau_confirmed": true,
  "mechanism_high_regime": "VERIFICADO",
  "mechanism_reason": "IC(q_high) overlaps 1/p_high and excludes 0",
  "implied_sixth_supported": true,
  "paper_eq15_quarter_supported": false,
  "verdicts": {
    "H3_strong_single_driver": "FALSEADA",
    "cost_driven_high_regime": "VERIFICADO",
    "coordination_driven_low_regime": "CONFIRMADO"
  }
}