{
  "label": "linear",
  "lambda": 1.0,
  "e_center": 40.0,
  "n_peak_calib": 10.05,
  "p_global_for_range": 2.64,
  "E_vals": [
    1.6,
    2.346622969845895,
    3.441649601630231,
    5.047658755841546,
    7.403094987750952,
    10.857670466379624,
    15.924286822139889,
    23.35518577202984,
    34.25363462353955,
    50.2377286301916,
    73.68062997280771,
    108.06291170431662,
    158.48931924611142,
    232.44667313635264,
    340.9154390287659,
    499.99999999999994
  ],
  "nstar_point": [
    5.594382807969193,
    5.631878744189039,
    5.589307466251193,
    5.644278246261538,
    5.537083681266456,
    8.964219373701773,
    8.708062123720692,
    8.191987011093008,
    10.929265822462018,
    8.985333228676025,
    12.092278813611069,
    15.0,
    16.393190260143903,
    17.688886830769178,
    21.0,
    22.977765542963926
  ],
  "nstar_ci95": [
    [
      5.539277780239164,
      5.657403403017022
    ],
    [
      5.552112683082171,
      5.724837310778468
    ],
    [
      5.440046144092772,
      5.729957941585289
    ],
    [
      5.4248963851220955,
      5.8004460627327985
    ],
    [
      5.312187874502535,
      5.7245679514455725
    ],
    [
      5.88494774381869,
      8.996343103224063
    ],
    [
      7.7980494329201075,
      8.861658790577064
    ],
    [
      7.996998366718834,
      8.385757499230053
    ],
    [
      10.897290143566343,
      10.955463169739277
    ],
    [
      8.930923779693783,
      9.039208217951693
    ],
    [
      12.047117593817498,
      12.147071257687896
    ],
    [
      12.0,
      15.0
    ],
    [
      16.0,
      18.0
    ],
    [
      17.0,
      22.0
    ],
    [
      21.0,
      21.0
    ],
    [
      22.918894407743814,
      23.0
    ]
  ],
  "interior": [
    true,
    true,
    true,
    true,
    true,
    true,
    true,
    true,
    true,
    true,
    true,
    true,
    true,
    true,
    false,
    false
  ],
  "q_point": 0.2518767515909148,
  "q_ci95": [
    0.2423884475086244,
    0.2692151066048732
  ],
  "p_sweep": 2.718467770514743,
  "one_over_p_sweep": 0.36785427837191154,
  "loglin_cost_[3,18]": {
    "slope": 2.718467770514743,
    "r2": 0.997466482992168,
    "curvature": 0.8436813105651656,
    "concave": false,
    "note": "convex: exponent steepening; treat power law as LOCAL"
  },
  "loglin_nstar_vs_E": {
    "slope": 0.2518767515909148,
    "r2": 0.9067268421102425,
    "curvature": 0.7024992114619403,
    "concave": false,
    "note": "convex: exponent steepening; treat power law as LOCAL"
  },
  "guards": {
    "min_logN_star_range": {
      "value": 0.5044194164309688,
      "threshold": 0.4,
      "ok": true
    },
    "require_transition_fraction": {
      "value": 0.875,
      "threshold": 0.7,
      "ok": true
    },
    "max_q_CI_halfwidth_rel": {
      "value": 0.05325354350253663,
      "threshold": 0.5,
      "ok": true
    }
  },
  "guards_ok": true,
  "verdict": "FALSEADA",
  "reason": "IC(q) excludes 0 but lies below 1/p_sweep: cost-driven mechanism falsified; coordination failure contributes"
}